index_right,highway
4314,service
4314,service
4338,track
4346,unclassified
4334,track
4334,track
4346,unclassified
4334,track
4334,track
4334,track
4335,track
4314,service
4334,track
4335,track
4314,service
4314,service
4261,service
4336,track
4334,track
4337,track
4346,unclassified
4346,unclassified
4346,unclassified
4312,track
4310,service
4310,service
4346,unclassified
4346,unclassified
4310,service
4346,unclassified
4346,unclassified
4346,unclassified
4346,unclassified
4346,unclassified
4314,service
4314,service
4338,track
4346,unclassified
4310,service
4311,service
4334,track
4346,unclassified
4314,service
4346,unclassified
4265,service
4265,service
4275,service
4276,track
4276,track
4265,service
4275,service
4265,service
4304,track
4271,track
4284,service
4284,service
4261,service
4265,service
4305,track
4299,track
4265,service
4261,service
4264,service
4261,service
4267,service
4287,service
4170,track
4170,track
4287,service
4267,service
4261,service
4263,track
4262,track
4304,track
4267,service
4287,service
3109,track
4258,track
4249,track
4248,track
4246,track
3109,track
3109,track
3109,track
3109,track
4261,service
4336,track
4337,track
4337,track
4261,service
4261,service
4336,track
4261,service
4323,service
4336,track
4336,track
4336,track
4336,track
4318,service
4318,service
4318,service
4318,service
4318,service
4318,service
4318,service
4318,service
4336,track
4261,service
4261,service
4323,service
4323,service
4261,service
4323,service
4261,service
4336,track
4323,service
4318,service
4320,service
4318,service
4318,service
4318,service
4320,service
4318,service
4323,service
4318,service
4318,service
4320,service
4318,service
4323,service
4320,service
4318,service
4319,service
4320,service
4323,service
4323,service
4323,service
4336,track
4337,track
4323,service
4317,track
4317,track
4261,service
4317,track
4261,service
4317,track
4317,track
4317,track
4261,service
4261,service
4261,service
4261,service
4317,track
4317,track
4317,track
4317,track
4261,service
4261,service
4261,service
4261,service
4261,service
4261,service
4261,service
4261,service
4261,service
4261,service
4261,service
4261,service
4318,service
4318,service
4315,unclassified
4346,unclassified
4334,track
4334,track
4335,track
4336,track
4337,track
4323,service
4261,service
4314,service
4334,track
4335,track
4315,unclassified
4334,track
4334,track
4315,unclassified
4261,service
4336,track
4261,service
4261,service
4261,service
4261,service
4317,track
4317,track
4261,service
4336,track
4334,track
4335,track
4346,unclassified
4334,track
4310,service
4311,service
4315,unclassified
4336,track
4337,track
4336,track
4336,track
4337,track
4337,track
4261,service
4261,service
4314,service
4338,track
4314,service
4338,track
4314,service
4314,service
4314,service
4314,service
4314,service
4314,service
4314,service
4314,service
4338,track
4314,service
4314,service
4338,track
4314,service
4339,track
4314,service
4346,unclassified
4346,unclassified
4314,service
4277,service
4333,service
4333,service
4332,service
4332,service
4277,service
4332,service
4277,service
4332,service
4343,track
4332,service
4277,service
4277,service
4299,track
4277,service
4277,service
4343,track
4299,track
4265,service
4262,track
4261,service
4264,service
4277,service
3159,track
3159,track
3210,service
3210,service
3159,track
3159,track
3159,track
3159,track
3159,track
4332,service
4332,service
4299,track
4265,service
4307,path
4263,track
4261,service
4261,service
4264,service
4277,service
4299,track
4265,service
4265,service
4265,service
4265,service
4265,service
4265,service
4264,service
4277,service
3210,service
3159,track
3210,service
4332,service
4277,service
4277,service
4277,service
4277,service
4277,service
4299,track
4265,service
4275,service
4304,track
4263,track
4261,service
4262,track
4261,service
4261,service
4261,service
4277,service
3159,track
3159,track
3159,track
3210,service
3210,service
4343,track
3159,track
3159,track
3159,track
3159,track
3159,track
3159,track
3159,track
3159,track
3159,track
3159,track
4277,service
4277,service
3210,service
3214,track
3214,track
3210,service
3159,track
3159,track
4265,service
4261,service
4262,track
4275,service
4265,service
4299,track
4277,service
4277,service
4299,track
4265,service
4265,service
4305,track
4265,service
4265,service
4264,service
4277,service
4277,service
4277,service
4277,service
4277,service
4277,service
4277,service
4277,service
4299,track
4277,service
4265,service
4264,service
4277,service
4277,service
4264,service
4261,service
4264,service
4261,service
4261,service
4261,service
4264,service
4264,service
4264,service
4264,service
4264,service
4264,service
4261,service
4261,service
4264,service
4261,service
4261,service
4261,service
4263,track
4265,service
4305,track
4265,service
4307,path
4265,service
4299,track
4299,track
4299,track
4299,track
4306,path
4265,service
4306,path
4261,service
4261,service
4332,service
4277,service
4261,service
4261,service
4261,service
4261,service
4261,service
4263,track
4262,track
4304,track
4304,track
4263,track
4265,service
4305,track
4305,track
4265,service
4265,service
4299,track
4277,service
4261,service
4261,service
4277,service
4332,service
4332,service
4332,service
4332,service
4277,service
4261,service
4261,service
4261,service
4261,service
4261,service
4261,service
4261,service
4261,service
4264,service
4277,service
3210,service
3210,service
3159,track
3159,track
3159,track
3159,track
4277,service
4261,service
4333,service
4277,service
4332,service
4261,service
4277,service
4264,service
4261,service
4261,service
4314,service
4314,service
4314,service
4314,service
4324,service
4324,service
4324,service
4324,service
