road_id,highway,movement_segments
4261,service,78
4277,service,39
4265,service,29
4314,service,28
3159,track,27
4318,service,19
4346,unclassified,19
4264,service,17
4336,track,16
4334,track,15
4299,track,14
4332,service,14
4323,service,12
4317,track,12
3210,service,10
4337,track,8
4263,track,6
4338,track,6
4320,service,5
4305,track,5
4310,service,5
4335,track,5
4262,track,5
3109,track,5
4304,track,5
4275,service,4
4315,unclassified,4
4324,service,4
4343,track,3
4267,service,3
4333,service,3
4287,service,3
4276,track,2
4284,service,2
4311,service,2
3214,track,2
4170,track,2
4306,path,2
4307,path,2
4258,track,1
4249,track,1
4246,track,1
4248,track,1
4312,track,1
4271,track,1
4319,service,1
4339,track,1
